-- phpMyAdmin SQL Dump
-- version 4.8.3
-- https://www.phpmyadmin.net/
--
-- Host: 127.0.0.1
<<<<<<< Updated upstream
-- Generation Time: Apr 04, 2020 at 09:08 PM
=======
-- Generation Time: Apr 12, 2020 at 02:50 PM
>>>>>>> Stashed changes
-- Server version: 10.1.35-MariaDB
-- PHP Version: 7.2.9

SET SQL_MODE = "NO_AUTO_VALUE_ON_ZERO";
SET AUTOCOMMIT = 0;
START TRANSACTION;
SET time_zone = "+00:00";


/*!40101 SET @OLD_CHARACTER_SET_CLIENT=@@CHARACTER_SET_CLIENT */;
/*!40101 SET @OLD_CHARACTER_SET_RESULTS=@@CHARACTER_SET_RESULTS */;
/*!40101 SET @OLD_COLLATION_CONNECTION=@@COLLATION_CONNECTION */;
/*!40101 SET NAMES utf8mb4 */;

--
-- Database: `itunes`
--

-- --------------------------------------------------------

--
<<<<<<< Updated upstream
=======
-- Table structure for table `downloads`
--

CREATE TABLE `downloads` (
  `download_id` int(11) NOT NULL,
  `download_song` int(11) NOT NULL,
  `download_user` int(11) NOT NULL,
  `download_date` date NOT NULL
) ENGINE=InnoDB DEFAULT CHARSET=utf8;

--
-- Dumping data for table `downloads`
--

INSERT INTO `downloads` (`download_id`, `download_song`, `download_user`, `download_date`) VALUES
(1, 3, 1, '2020-04-11'),
(2, 1, 3, '2020-04-11'),
(3, 1, 3, '2020-04-11'),
(4, 2, 3, '2020-04-11'),
(5, 6, 2, '2020-04-11');

-- --------------------------------------------------------

--
-- Table structure for table `genres`
--

CREATE TABLE `genres` (
  `genre_id` int(11) NOT NULL,
  `genre_name` varchar(50) NOT NULL,
  `genre_approved` int(11) NOT NULL
) ENGINE=InnoDB DEFAULT CHARSET=utf8;

--
-- Dumping data for table `genres`
--

INSERT INTO `genres` (`genre_id`, `genre_name`, `genre_approved`) VALUES
(1, '2 Tone (Ska)', 1),
(2, '2-Step (Electronic)', 1),
(3, '2-Tone (Reggae)', 1),
(4, '4×4 (Electronic)', 1),
(5, '4-Beat (Dance)', 1),
(6, '8bit (Electronic)', 1),
(7, 'A cappella (Vocal)', 1),
(8, 'Acid Breaks (Dance)', 1),
(9, 'Acid House (Dance)', 1),
(10, 'Acid Jazz', 1),
(11, 'Acid Jazz (Electronic)', 1),
(12, 'Acid Rock', 1),
(13, 'Acid Techno (Dance)', 1),
(14, 'Acid Trance (Dance)', 1),
(15, 'Acousmatic Music (Electronic)', 1),
(16, 'Acoustic Blues', 1),
(17, 'Adult Alternative (Rock)', 1),
(18, 'Adult Contemporary (Pop)', 1),
(19, 'Adult-Oriented Rock', 1),
(20, 'African Blues', 1),
(21, 'African Heavy Metal', 1),
(22, 'African Hip Hop', 1),
(23, 'Afro Punk (Rock)', 1),
(24, 'Afro-Beat', 1),
(25, 'Afro-Pop', 1),
(26, 'Aggrotech (Industrial)', 1),
(27, 'Alternative Country', 1),
(28, 'Alternative Dance (Electronic)', 1),
(29, 'Alternative Folk', 1),
(30, 'Alternative Rap', 1),
(31, 'Alternative Rock', 1),
(32, 'Alternative Rock (Alternative)', 1),
(33, 'Alternativo & Rock Latino', 1),
(34, 'Ambient (Electronic)', 1),
(35, 'Ambient Dub (Electronic)', 1),
(36, 'Ambient House (Electronic)', 1),
(37, 'Ambient Techno (Electronic)', 1),
(38, 'American Folk Revival', 1),
(39, 'American Traditional Rock', 1),
(40, 'Americana (Country)', 1),
(41, 'Anatolian Rock', 1),
(42, 'Anime', 1),
(43, 'Anison', 1),
(44, 'Anti-Folk', 1),
(45, 'Apala', 1),
(46, 'Arab Pop', 1),
(47, 'Arena Rock', 1),
(48, 'Argentine tango', 1),
(49, 'Art Punk (Alternative)', 1),
(50, 'Art Rock', 1),
(51, 'Asian Underground (Electronic)', 1),
(52, 'Australian Country', 1),
(53, 'Austropop', 1),
(54, 'Avant-Garde (Classical)', 1),
(55, 'Avant-Garde (Hip-Hop/Rap)', 1),
(56, 'Avant-Garde Jazz', 1),
(57, 'Axé (Latin)', 1),
(58, 'Bachata (Latin)', 1),
(59, 'Background (Easy Listening)', 1),
(60, 'Baggy (Electronic)', 1),
(61, 'Baila', 1),
(62, 'Baithak Gana (Latin)', 1),
(63, 'Bakersfield Sound (Country)', 1),
(64, 'Baladas y Boleros (Latin)', 1),
(65, 'Balearic Beat (Electronic)', 1),
(66, 'Balkan Pop', 1),
(67, 'Ballet (Classical)', 1),
(68, 'Baltimore Club (Dance)', 1),
(69, 'Barbershop (Vocal)', 1),
(70, 'Baroque (Classical)', 1),
(71, 'Baroque (Pop)', 1),
(72, 'Bassline (Electronic)', 1),
(73, 'Bebop (Jazz)', 1),
(74, 'Benga', 1),
(75, 'Berlin School (Electronic)', 1),
(76, 'Bhangra', 1),
(77, 'Bhojpuri', 1),
(78, 'Big Band (Jazz)', 1),
(79, 'Big Beat (Dance)', 1),
(80, 'Bikutsi', 1),
(81, 'Bitpop (Electronic)', 1),
(82, 'Blue Note (Jazz)', 1),
(83, 'Bluegrass (Country)', 1),
(84, 'Blues Country', 1),
(85, 'Blues Rock (Blues)', 1),
(86, 'Blues Shouter (Blues)', 1),
(87, 'Blues-Rock', 1),
(88, 'Bolero (Latin)', 1),
(89, 'Bongo Flava', 1),
(90, 'Boogie (Pop)', 1),
(91, 'Bop (Easy Listening)', 1),
(92, 'Bossa Nova (Latin)', 1),
(93, 'Bounce (Hip-Hop/Rap)', 1),
(94, 'Bouncy House (Dance)', 1),
(95, 'Bouncy Techno (Dance)', 1),
(96, 'Brazilian (Latin)', 1),
(97, 'Brazilian Rock (Latin)', 1),
(98, 'Breakbeat / Breakstep (Dance)', 1),
(99, 'Breakbeat Hardcore (Dance)', 1),
(100, 'Breakcore (Dance)', 1),
(101, 'Brega (Latin)', 1),
(102, 'Brick City Club (Hip-Hop/Rap)', 1),
(103, 'British Blues', 1),
(104, 'British Folk Revival', 1),
(105, 'British Invasion (Rock)', 1),
(106, 'Britpop (Pop)', 1),
(107, 'Britpunk (Alternative)', 1),
(108, 'Broken Beat (Dance)', 1),
(109, 'Brostep (Dance)', 1),
(110, 'Bubblegum Dance (Electronic)', 1),
(111, 'Bubblegum Pop', 1),
(112, 'Bulgarian', 1),
(113, 'Cajun', 1),
(114, 'Cajun Fiddle Tunes (Country)', 1),
(115, 'Calypso', 1),
(116, 'Canadian Blues', 1),
(117, 'Cantata (Classical)', 1),
(118, 'Cantique (Vocal)', 1),
(119, 'Cantopop', 1),
(120, 'Cape Jazz', 1),
(121, 'Caribbean', 1),
(122, 'Carnatic', 1),
(123, 'CCM (Inspirational – Christian & Gospel)', 1),
(124, 'Celtic', 1),
(125, 'Celtic Folk', 1),
(126, 'Chamber Music (Classical)', 1),
(127, 'Chamber Pop', 1),
(128, 'Chanson (Pop)', 1),
(129, 'Chant (Classical)', 1),
(130, 'Chanukah (Holiday)', 1),
(131, 'Chap Hop', 1),
(132, 'Chicago Blues', 1),
(133, 'Chicago Hip Hop', 1),
(134, 'Chicago House (Dance)', 1),
(135, 'Chicano (Tex-Mex / Tejano)', 1),
(136, 'Chicha (Latin)', 1),
(137, 'Chill Out (Electronic)', 1),
(138, 'Chillstep (Dance)', 1),
(139, 'Chillwave (Electronic)', 1),
(140, 'Chimurenga', 1),
(141, 'Chiptune (Electronic)', 1),
(142, 'Choral (Classical)', 1),
(143, 'Choro (Latin)', 1),
(144, 'Christian & Gospel', 1),
(145, 'Christian Country', 1),
(146, 'Christian Hip Hop', 1),
(147, 'Christian Metal', 1),
(148, 'Christian Pop', 1),
(149, 'Christian Rap', 1),
(150, 'Christian Rock', 1),
(151, 'Christmas (Holiday)', 1),
(152, 'Christmas: Children’s (Holiday)', 1),
(153, 'Christmas: Classic (Holiday)', 1),
(154, 'Christmas: Classical (Holiday)', 1),
(155, 'Christmas: Comedy (Holiday)', 1),
(156, 'Christmas: Jazz (Holiday)', 1),
(157, 'Christmas: Modern (Holiday)', 1),
(158, 'Christmas: Pop (Holiday)', 1),
(159, 'Christmas: R&B (Holiday)', 1),
(160, 'Christmas: Religious (Holiday)', 1),
(161, 'Christmas: Rock (Holiday)', 1),
(162, 'Chutney', 1),
(163, 'Chutney Soca', 1),
(164, 'Classic (Tex-Mex / Tejano)', 1),
(165, 'Classic Blues', 1),
(166, 'Classic Christian', 1),
(167, 'Classic Country', 1),
(168, 'Classic Female Blues', 1),
(169, 'Classic Trance (Dance)', 1),
(170, 'Classical Crossover (Classical)', 1),
(171, 'Classical Crossover (Pop)', 1),
(172, 'Close Harmony (Country)', 1),
(173, 'Club / Club Dance', 1),
(174, 'Cock Rock', 1),
(175, 'Coldwave (Industrial)', 1),
(176, 'College Rock (Alternative)', 1),
(177, 'Commercial (Comedy)', 1),
(178, 'Compas', 1),
(179, 'Computer Music (Electronic)', 1),
(180, 'Concerto (Classical)', 1),
(181, 'Concerto Grosso (Classical)', 1),
(182, 'Conjunto (Tex-Mex / Tejano)', 1),
(183, 'Conjunto Progressive (Tex-Mex / Tejano)', 1),
(184, 'Conscious Hip Hop', 1),
(185, 'Contemporary Bluegrass (Country)', 1),
(186, 'Contemporary Blues', 1),
(187, 'Contemporary Celtic', 1),
(188, 'Contemporary Classical', 1),
(189, 'Contemporary Country', 1),
(190, 'Contemporary Folk', 1),
(191, 'Contemporary Gospel', 1),
(192, 'Contemporary Jazz', 1),
(193, 'Contemporary Latin', 1),
(194, 'Contemporary R&B', 1),
(195, 'Contemporary R&B (Blues)', 1),
(196, 'Contemporary Singer/Songwriter', 1),
(197, 'Cool (Jazz)', 1),
(198, 'Country Blues', 1),
(199, 'Country Gospel', 1),
(200, 'Country Pop', 1),
(201, 'Country Rap', 1),
(202, 'Country Rock', 1),
(203, 'Country Soul', 1),
(204, 'Country-Rap', 1),
(205, 'Coupé-décalé', 1),
(206, 'Coupé-Décalé', 1),
(207, 'Cowboy / Western (Country)', 1),
(208, 'Cowpunk (Country)', 1),
(209, 'C-Pop', 1),
(210, 'Criolla (Latin)', 1),
(211, 'Crossover Jazz', 1),
(212, 'Crossover Thrash (Alternative)', 1),
(213, 'Crunk (Electronic)', 1),
(214, 'Crunkcore (Hip-Hop/Rap)', 1),
(215, 'Crust Punk (Alternative)', 1),
(216, 'Cumbia (Latin)', 1),
(217, 'Cumbia Rap', 1),
(218, 'Cybergrind (Industrial)', 1),
(219, 'Dance Pop', 1),
(220, 'Dancehall (Reggae)', 1),
(221, 'Dance-pop', 1),
(222, 'Dance-Punk (Electronic)', 1),
(223, 'Dance-Rock (Electronic)', 1),
(224, 'Dangdut', 1),
(225, 'Dansband (Country)', 1),
(226, 'Dark Ambient (Electronic)', 1),
(227, 'Dark Electro (Industrial)', 1),
(228, 'Dark Psytrance (Dance)', 1),
(229, 'Dark Wave (Electronic)', 1),
(230, 'Darkcore (Electronic)', 1),
(231, 'Darkside Jungle (Electronic)', 1),
(232, 'Darkstep (Electronic)', 1),
(233, 'Death Industrial', 1),
(234, 'Death Metal / Black Metal', 1),
(235, 'Deep House (Dance)', 1),
(236, 'Delta Blues', 1),
(237, 'Detroit Blues', 1),
(238, 'Detroit Hip Hop', 1),
(239, 'Detroit Techno (Dance)', 1),
(240, 'Digital Hardcore (Dance)', 1),
(241, 'Dirty South (Hip-Hop/Rap)', 1),
(242, 'Disco (R&B/Soul)', 1),
(243, 'Disco House (Pop)', 1),
(244, 'Disney', 1),
(245, 'Diva House (Dance)', 1),
(246, 'Dixieland (Jazz)', 1),
(247, 'Doo Wop (R&B/Soul)', 1),
(248, 'Doom Metal', 1),
(249, 'Doomcore (Dance)', 1),
(250, 'Doo-wop (Vocal)', 1),
(251, 'Downtempo (Electronic)', 1),
(252, 'Dream House (Pop)', 1),
(253, 'Dream Pop', 1),
(254, 'Dream Trance (Dance)', 1),
(255, 'Drinking Songs', 1),
(256, 'Drone', 1),
(257, 'Drone Music (Electronic)', 1),
(258, 'Drum & Bass (Electronic)', 1),
(259, 'Drumfunk (Electronic)', 1),
(260, 'Drumstep (Electronic)', 1),
(261, 'Dub (Reggae)', 1),
(262, 'Dub (Ska)', 1),
(263, 'Dub Music (Electronic)', 1),
(264, 'Dubstep (Dance)', 1),
(265, 'Dubstyle (Dance)', 1),
(266, 'Dubtronica (Electronic)', 1),
(267, 'Dutch House (Dance)', 1),
(268, 'Early Music (Classical)', 1),
(269, 'East Coast (Hip-Hop/Rap)', 1),
(270, 'Easter (Holiday)', 1),
(271, 'Electric Blues', 1),
(272, 'Electro (Electronic)', 1),
(273, 'Electro Backbeat (Electronic)', 1),
(274, 'Electro House (Dance)', 1),
(275, 'Electro Pop', 1),
(276, 'Electroacoustic (Electronic)', 1),
(277, 'Electroacoustic Improvisation (Electronic)', 1),
(278, 'Electroclash (Electronic)', 1),
(279, 'Electro-Grime (Electronic)', 1),
(280, 'Electro-Industrial', 1),
(281, 'Electronic Art Music', 1),
(282, 'Electronic Body Music (Industrial)', 1),
(283, 'Electronic Dance Music', 1),
(284, 'Electronic Rock', 1),
(285, 'Electronica', 1),
(286, 'Electronicore (Electronic)', 1),
(287, 'Electropop (Electronic)', 1),
(288, 'Electropunk (Electronic)', 1),
(289, 'Electroswing (Dance)', 1),
(290, 'Electro-swing (Electronic)', 1),
(291, 'Elevator (Easy Listening)', 1),
(292, 'Emotional Hardcore (Alternative)', 1),
(293, 'Enka', 1),
(294, 'Environmental (New Age)', 1),
(295, 'Ethereal Wave (Electronic)', 1),
(296, 'Ethio-jazz', 1),
(297, 'Ethnic Electronica (Electronic)', 1),
(298, 'Eurobeat (Electronic)', 1),
(299, 'Eurodance (Electronic)', 1),
(300, 'Europop', 1),
(301, 'Exercise (Dance)', 1),
(302, 'Experimental Rock (Alternative)', 1),
(303, 'Expressionist (Classical)', 1),
(304, 'Fann At-Tanbura', 1),
(305, 'Field Recording (Electronic)', 1),
(306, 'Fijiri', 1),
(307, 'Filk Music (Folk)', 1),
(308, 'Filmi', 1),
(309, 'Fitness & Workout', 1),
(310, 'Flamenco / Spanish Flamenco (Latin)', 1),
(311, 'Florida Breaks (Dance)', 1),
(312, 'Folk Blues', 1),
(313, 'Folk Punk (Alternative)', 1),
(314, 'Folk-Rock', 1),
(315, 'Folktronica (Electronic)', 1),
(316, 'Foreign Cinema (Soundtrack)', 1),
(317, 'Forró (Latin)', 1),
(318, 'France', 1),
(319, 'Franco-Country', 1),
(320, 'Freak Folk', 1),
(321, 'Free Tekno (Dance)', 1),
(322, 'Freestyle House (Dance)', 1),
(323, 'Freestyle Music (Electronic)', 1),
(324, 'Freestyle Rap', 1),
(325, 'French House (Dance)', 1),
(326, 'French Pop', 1),
(327, 'Frevo (Latin)', 1),
(328, 'Fuji Music', 1),
(329, 'Full on (Dance)', 1),
(330, 'Funk (R&B/Soul)', 1),
(331, 'Funk Carioca (Latin)', 1),
(332, 'Funky House (Dance)', 1),
(333, 'Furniture (Easy Listening)', 1),
(334, 'Fusion (Jazz)', 1),
(335, 'Future Garage (Dance)', 1),
(336, 'Futurepop (Industrial)', 1),
(337, 'Gabber (Dance)', 1),
(338, 'Game Boy (Electronic)', 1),
(339, 'Gangsta Rap', 1),
(340, 'Garage (Dance)', 1),
(341, 'Genge', 1),
(342, 'German Folk', 1),
(343, 'German Pop', 1),
(344, 'G-Funk (Hip-Hop/Rap)', 1),
(345, 'Ghetto House (Dance)', 1),
(346, 'Ghettotech (Dance)', 1),
(347, 'Glam Rock', 1),
(348, 'Glitch (Electronic)', 1),
(349, 'Glitch Hop (Dance)', 1),
(350, 'Glitch Pop (Dance)', 1),
(351, 'Goa Trance (Dance)', 1),
(352, 'Golden Age (Hip-Hop/Rap)', 1),
(353, 'Gospel', 1),
(354, 'Gospel Blues', 1),
(355, 'Goth / Gothic Rock (Alternative)', 1),
(356, 'Gothic Metal', 1),
(357, 'Gregorian Chant (Vocal)', 1),
(358, 'Grime (Dance)', 1),
(359, 'Grime (Electronic)', 1),
(360, 'Grind Core (Rock)', 1),
(361, 'Grunge (Alternative)', 1),
(362, 'Gulf and Western (Country)', 1),
(363, 'Gypsy Jazz', 1),
(364, 'Hair Metal', 1),
(365, 'Halloween (Holiday)', 1),
(366, 'Happy Hardcore (Dance)', 1),
(367, 'Hard Bop (Jazz)', 1),
(368, 'Hard Dance', 1),
(369, 'Hard Nrg (Electronic)', 1),
(370, 'Hard Rock', 1),
(371, 'Hard Rock (Alternative)', 1),
(372, 'Hard Trance (Dance)', 1),
(373, 'Hardbag (Dance)', 1),
(374, 'Hardcore (Dance)', 1),
(375, 'Hardcore Hip Hop', 1),
(376, 'Hardcore Punk (Alternative)', 1),
(377, 'Hardcore Rap', 1),
(378, 'Hardstep (Electronic)', 1),
(379, 'Hardstyle (Dance)', 1),
(380, 'Hardstyle (Electronic)', 1),
(381, 'Harmonica Blues', 1),
(382, 'Hawaii', 1),
(383, 'Healing (New Age)', 1),
(384, 'Hellbilly Music (Country)', 1),
(385, 'High Classical', 1),
(386, 'Highlife', 1),
(387, 'Hill Country Blues', 1),
(388, 'Hindustani', 1),
(389, 'Hi-Nrg (Electronic)', 1),
(390, 'Hi-NRG / Eurodance', 1),
(391, 'Hip House (Dance)', 1),
(392, 'Hip Pop (Hip-Hop/Rap)', 1),
(393, 'Hip-Hop', 1),
(394, 'Hiplife', 1),
(395, 'Hokum Blues', 1),
(396, 'Hong Kong English Pop', 1),
(397, 'Honky Tonk (Country)', 1),
(398, 'Horrorcore (Dance)', 1),
(399, 'Horrorcore (Hip-Hop/Rap)', 1),
(400, 'House (Dance)', 1),
(401, 'Huayno (Latin)', 1),
(402, 'Hyphy (Hip-Hop/Rap)', 1),
(403, 'Idm (Electronic)', 1),
(404, 'IDM/Experimental (Electronic)', 1),
(405, 'Illbient (Electronic)', 1),
(406, 'Impressionist (Classical)', 1),
(407, 'Indian Ghazal', 1),
(408, 'Indian Pop', 1),
(409, 'Indie Folk', 1),
(410, 'Indie Pop', 1),
(411, 'Indie Rock (Alternative)', 1),
(412, 'Indietronica (Electronic)', 1),
(413, 'Industrial (Electronic)', 1),
(414, 'Industrial Folk', 1),
(415, 'Industrial Hip Hop', 1),
(416, 'Industrial Metal', 1),
(417, 'Industrial Rock', 1),
(418, 'Instrumental Country', 1),
(419, 'Instrumental Hip Hop', 1),
(420, 'Intelligent Drum and Bass (Electronic)', 1),
(421, 'Iranian Pop', 1),
(422, 'Isicathamiya', 1),
(423, 'Isolationism (Electronic)', 1),
(424, 'Italo Dance (Electronic)', 1),
(425, 'Italo House (Dance)', 1),
(426, 'Jackin House (Dance)', 1),
(427, 'Jam Bands (Rock)', 1),
(428, 'Jangle Pop', 1),
(429, 'Japan', 1),
(430, 'Japanese Pop', 1),
(431, 'Japanoise (Industrial)', 1),
(432, 'Jazz Blues', 1),
(433, 'Jazz Rap', 1),
(434, 'Jingles (Comedy)', 1),
(435, 'Jit', 1),
(436, 'J-Pop', 1),
(437, 'J-Punk', 1),
(438, 'J-Rock', 1),
(439, 'J-Ska', 1),
(440, 'J-Synth', 1),
(441, 'Jùjú', 1),
(442, 'Jump Blues', 1),
(443, 'Jumpstyle (Dance)', 1),
(444, 'Jump-Up (Electronic)', 1),
(445, 'Jungle / Drum’n’bass (Dance)', 1),
(446, 'Kansas City Blues', 1),
(447, 'Kapuka', 1),
(448, 'Karaoke', 1),
(449, 'Kayokyoku', 1),
(450, 'Kayōkyoku', 1),
(451, 'Khaliji', 1),
(452, 'Kizomba', 1),
(453, 'Klezmer', 1),
(454, 'Korean Pop', 1),
(455, 'K-Pop', 1),
(456, 'Kuduro', 1),
(457, 'Kwaito', 1),
(458, 'Kwela', 1),
(459, 'Laïkó (Pop)', 1),
(460, 'Lambada (Latin)', 1),
(461, 'Laptronica (Electronic)', 1),
(462, 'Latin Ballad (Pop)', 1),
(463, 'Latin House (Dance)', 1),
(464, 'Latin Jazz', 1),
(465, 'Latin Pop', 1),
(466, 'Latin Rap', 1),
(467, 'Lavani', 1),
(468, 'Levenslied (Pop)', 1),
(469, 'Liquid Dub (Dance)', 1),
(470, 'Liquid Funk (Electronic)', 1),
(471, 'Live Coding (Electronic)', 1),
(472, 'Live Electronics (Electronic)', 1),
(473, 'Liwa', 1),
(474, 'Lo-fi (Alternative)', 1),
(475, 'Louisiana Blues', 1),
(476, 'Louisiana Swamp Pop', 1),
(477, 'Lounge (Easy Listening)', 1),
(478, 'Love Song (Singer/Songwriter)', 1),
(479, 'Lovers Rock (Reggae)', 1),
(480, 'Low Bap (Hip-Hop/Rap)', 1),
(481, 'Lowercase (Electronic)', 1),
(482, 'Lubbock Sound (Country)', 1),
(483, 'Luk Krung', 1),
(484, 'Luk Thung', 1),
(485, 'Lullabies (Children’s Music)', 1),
(486, 'Lyrical Hip Hop', 1),
(487, 'Madchester (Electronic)', 1),
(488, 'Mafioso Rap', 1),
(489, 'Mainstream Jazz', 1),
(490, 'Makina (Dance)', 1),
(491, 'Makossa', 1),
(492, 'Maloya', 1),
(493, 'Mambo', 1),
(494, 'Mandopop', 1),
(495, 'Manila Sound', 1),
(496, 'Maracatu (Latin)', 1),
(497, 'March (Marching Band)', 1),
(498, 'Mariachi (Latin)', 1),
(499, 'Marrabenta', 1),
(500, 'Mass Requiem (Classical)', 1),
(501, 'Math Metal', 1),
(502, 'Math Rock', 1),
(503, 'Mbalax', 1),
(504, 'Mbaqanga', 1),
(505, 'Mbube', 1),
(506, 'Medieval (Classical)', 1),
(507, 'Meditation (New Age)', 1),
(508, 'Memphis Blues', 1),
(509, 'Merengue', 1),
(510, 'Merenrap (Hip-Hop/Rap)', 1),
(511, 'Méringue', 1),
(512, 'Metal', 1),
(513, 'Metal Core', 1),
(514, 'Mexican Pop', 1),
(515, 'Middle of the Road (Easy Listening)', 1),
(516, 'Midwest Hip Hop', 1),
(517, 'Minimal (Dance)', 1),
(518, 'Minimal House (Dance)', 1),
(519, 'Minimalism (Classical)', 1),
(520, 'Modern Blues', 1),
(521, 'Modern Classical', 1),
(522, 'Modern Composition (Classical)', 1),
(523, 'Modern Soul', 1),
(524, 'Moombahton (Electronic)', 1),
(525, 'Morlam', 1),
(526, 'Morna', 1),
(527, 'Motorpop', 1),
(528, 'Motown (R&B/Soul)', 1),
(529, 'Motswako (Hip-Hop/Rap)', 1),
(530, 'Movie Soundtrack', 1),
(531, 'Museve', 1),
(532, 'Música Popular Brasileira (Latin)', 1),
(533, 'Música Sertaneja (Latin)', 1),
(534, 'Musicals (Soundtrack)', 1),
(535, 'Musique Concrète (Alternative)', 1),
(536, 'Nashville Sound (Country)', 1),
(537, 'Nature (New Age)', 1),
(538, 'Nederpop', 1),
(539, 'Neofolk', 1),
(540, 'Neo-Soul', 1),
(541, 'Neotraditional Country', 1),
(542, 'Nerdcore (Hip-Hop/Rap)', 1),
(543, 'Neue Deutsche Härte (Industrial)', 1),
(544, 'Neurofunk (Electronic)', 1),
(545, 'New Acoustic (Singer/Songwriter)', 1),
(546, 'New Beat (Electronic)', 1),
(547, 'New Jack Swing (Hip-Hop/Rap)', 1),
(548, 'New Jersey Hip Hop', 1),
(549, 'New Mex (Tex-Mex / Tejano)', 1),
(550, 'New Orlean Blues', 1),
(551, 'New Rave (Electronic)', 1),
(552, 'New Romanticism (Pop)', 1),
(553, 'New School Hip Hop', 1),
(554, 'New Wave (Alternative)', 1),
(555, 'Nintendocore (Electronic)', 1),
(556, 'Noise (Industrial)', 1),
(557, 'Noise Rock', 1),
(558, 'Nortec (Dance)', 1),
(559, 'Northern Soul', 1),
(560, 'Novelty (Comedy)', 1),
(561, 'Nu Jazz (Electronic)', 1),
(562, 'Nu Skool Breaks (Dance)', 1),
(563, 'Nuevo Flamenco (Latin)', 1),
(564, 'NY Blues', 1),
(565, 'Ode', 1),
(566, 'Old School Rap', 1),
(567, 'Oldschool Jungle (Electronic)', 1),
(568, 'Onkyokei', 1),
(569, 'Opera', 1),
(570, 'Opera (Classical)', 1),
(571, 'Oratorio (Classical)', 1),
(572, 'Orchestral (Classical)', 1),
(573, 'Orchestral Pop', 1),
(574, 'Orchestral Uplifting (Dance)', 1),
(575, 'Organum (Classical)', 1),
(576, 'Original Score (Soundtrack)', 1),
(577, 'Other (Holiday)', 1),
(578, 'Outlaw Country', 1),
(579, 'Pagode (Latin)', 1),
(580, 'Palm-Wine', 1),
(581, 'Parody Music (Comedy)', 1),
(582, 'Piano Blues', 1),
(583, 'Piedmont Blues', 1),
(584, 'Pinoy Pop', 1),
(585, 'Piphat', 1),
(586, 'Polka', 1),
(587, 'Pop Latino (Latin)', 1),
(588, 'Pop Punk', 1),
(589, 'Pop Rap', 1),
(590, 'Pop Sunda', 1),
(591, 'Pop/Rock', 1),
(592, 'Popera', 1),
(593, 'Portuguese fado (Latin)', 1),
(594, 'Post Punk (Rock)', 1),
(595, 'Post-Disco (Pop)', 1),
(596, 'Power Electronics (Industrial)', 1),
(597, 'Power Noise (Industrial)', 1),
(598, 'Power Pop', 1),
(599, 'Praise & Worship (Inspirational – Christian & Gosp', 1),
(600, 'Progressive (Country)', 1),
(601, 'Progressive (Pop)', 1),
(602, 'Progressive Bluegrass (Country)', 1),
(603, 'Progressive Breaks (Pop)', 1),
(604, 'Progressive Drum & Bass (Pop)', 1),
(605, 'Progressive Folk', 1),
(606, 'Progressive House (Dance)', 1),
(607, 'Progressive House / Trance (Pop)', 1),
(608, 'Progressive Metal', 1),
(609, 'Progressive Rock (Alternative)', 1),
(610, 'Progressive Techno (Pop)', 1),
(611, 'Prog-Rock/Art Rock', 1),
(612, 'Psybreaks (Dance)', 1),
(613, 'Psychedelic (Rock)', 1),
(614, 'Psychedelic Folk', 1),
(615, 'Psychedelic Pop', 1),
(616, 'Psychedelic Soul', 1),
(617, 'Psychobilly / Punkabilly (Country)', 1),
(618, 'Psyprog (Dance)', 1),
(619, 'Punk (Alternative)', 1),
(620, 'Punk Blues', 1),
(621, 'Punta (Latin)', 1),
(622, 'Punta Rock (Latin)', 1),
(623, 'Qawwali (Inspirational – Christian & Gospel)', 1),
(624, 'Quiet Storm (R&B/Soul)', 1),
(625, 'Ragga (Reggae)', 1),
(626, 'Ragga Jungle (Electronic)', 1),
(627, 'Raggacore (Electronic)', 1),
(628, 'Raggamuffin (Reggae)', 1),
(629, 'Ragini', 1),
(630, 'Ragtime (Jazz)', 1),
(631, 'Ragtime Blues', 1),
(632, 'Raï', 1),
(633, 'Raíces (Latin)', 1),
(634, 'Raison (Latin)', 1),
(635, 'Ranchera (Latin)', 1),
(636, 'Rap', 1),
(637, 'Rave Music (Dance)', 1),
(638, 'Reactionary Bluegrass (Country)', 1),
(639, 'Red Dirt (Country)', 1),
(640, 'Reggae 110', 1),
(641, 'Reggae Bultrón', 1),
(642, 'Reggae en Español', 1),
(643, 'Reggae Fusion', 1),
(644, 'Reggaeton y Hip-Hop (Latin)', 1),
(645, 'Regional Mexicano (Latin)', 1),
(646, 'Regstep (Dance)', 1),
(647, 'Relaxation (New Age)', 1),
(648, 'Renaissance (Classical)', 1),
(649, 'Rhythm Blues', 1),
(650, 'Rock & Roll', 1),
(651, 'Rockabilly', 1),
(652, 'Rocksteady (Ska)', 1),
(653, 'Romantic (early period) (Classical)', 1),
(654, 'Romantic (later period) (Classical)', 1),
(655, 'Romantic Flow (Reggae)', 1),
(656, 'Roots Reggae', 1),
(657, 'Roots Rock', 1),
(658, 'Russian Pop', 1),
(659, 'Sakara', 1),
(660, 'Salsa y Tropical (Latin)', 1),
(661, 'Samba (Latin)', 1),
(662, 'Samba Rock (Latin)', 1),
(663, 'Sambass (Electronic)', 1),
(664, 'Sawt', 1),
(665, 'Schlager (Pop)', 1),
(666, 'Schranz (Dance)', 1),
(667, 'Sega', 1),
(668, 'Seggae', 1),
(669, 'Semba', 1),
(670, 'Sertanejo (Country)', 1),
(671, 'Shoegaze (Alternative)', 1),
(672, 'Sing-Along (Children’s Music)', 1),
(673, 'Singer/Songwriter (Rock)', 1),
(674, 'Skweee (Electronic)', 1),
(675, 'Smooth Jazz', 1),
(676, 'Soca', 1),
(677, 'Soca (Latin)', 1),
(678, 'Soft Rock (Pop)', 1),
(679, 'Son (Latin)', 1),
(680, 'Sonata (Classical)', 1),
(681, 'Sophisti-Pop', 1),
(682, 'Soukous', 1),
(683, 'Soul', 1),
(684, 'Soul Blues', 1),
(685, 'Sound Art (Electronic)', 1),
(686, 'Soundscape Composition (Electronic)', 1),
(687, 'Soundtrack', 1),
(688, 'Southern Gospel', 1),
(689, 'Southern Rock', 1),
(690, 'Southern Soul', 1),
(691, 'Space Age Pop', 1),
(692, 'Space House (Pop)', 1),
(693, 'Space Rock (Electronic)', 1),
(694, 'Spanish Reggae', 1),
(695, 'Spazzcore (Rock)', 1),
(696, 'Speed Garage (Electronic)', 1),
(697, 'Speedcore (Dance)', 1),
(698, 'Spoken Word', 1),
(699, 'St. Louis Blues', 1),
(700, 'St. Louis Hip Hop', 1),
(701, 'Standards (Vocal)', 1),
(702, 'Stand-up Comedy', 1),
(703, 'Steampunk (Alternative)', 1),
(704, 'Stoner Metal (Rock)', 1),
(705, 'Stories (Children’s Music)', 1),
(706, 'String Quartet (Classical)', 1),
(707, 'Sung Poetry  (Folk)', 1),
(708, 'Sunshine Pop', 1),
(709, 'Suomisaundi (Dance)', 1),
(710, 'Surf (Rock)', 1),
(711, 'Surf Pop', 1),
(712, 'Swamp Blues', 1),
(713, 'Swing (Easy Listening)', 1),
(714, 'Swing House (Dance)', 1),
(715, 'Symphonic (Classical)', 1),
(716, 'Symphony (Classical)', 1),
(717, 'Synthcore (Electronic)', 1),
(718, 'Synthpop', 1),
(719, 'Synthpop (Electronic)', 1),
(720, 'Synthpunk (Electronic)', 1),
(721, 'Taarab', 1),
(722, 'Taiwanese Pop', 1),
(723, 'Tape Music (Electronic)', 1),
(724, 'Tech HouseTribal House (Dance)', 1),
(725, 'Tech Trance (Dance)', 1),
(726, 'Technical Death Metal', 1),
(727, 'Techno (Dance)', 1),
(728, 'Techno-Dnb (Dance)', 1),
(729, 'Techno-Folk', 1),
(730, 'Technopop (Dance)', 1),
(731, 'Techstep (Electronic)', 1),
(732, 'Tecno Brega (Dance)', 1),
(733, 'Tecnobrega (Latin)', 1),
(734, 'Teen Pop', 1),
(735, 'Tejano (Latin)', 1),
(736, 'Terrorcore (Dance)', 1),
(737, 'Texas Blues', 1),
(738, 'Texas County', 1),
(739, 'Tex-Mex', 1),
(740, 'Tex-Mex (Rock)', 1),
(741, 'Thai Pop', 1),
(742, 'Thanksgiving (Holiday)', 1),
(743, 'Thrash Metal', 1),
(744, 'Timba (Latin)', 1),
(745, 'Time Lord Rock (Rock)', 1),
(746, 'Toytown Techno (Dance)', 1),
(747, 'Trad Jazz', 1),
(748, 'Traditional Bluegrass (Country)', 1),
(749, 'Traditional Celtic', 1),
(750, 'Traditional Country', 1),
(751, 'Traditional Folk', 1),
(752, 'Traditional Gospel', 1),
(753, 'Traditional Pop (Vocal)', 1),
(754, 'Traditional Pop Music', 1),
(755, 'Trance (Dance)', 1),
(756, 'Trap (Dance)', 1),
(757, 'Travel (New Age)', 1),
(758, 'Trip Hop (Electronic)', 1),
(759, 'Trip-hop (Rock)', 1),
(760, 'Tropicalia (Latin)', 1),
(761, 'Truck-Driving Country', 1),
(762, 'Turbofolk (Electronic)', 1),
(763, 'Turkish Pop', 1),
(764, 'Turntablism (Hip-Hop/Rap)', 1),
(765, 'TV Soundtrack', 1),
(766, 'TV Themes (Comedy)', 1),
(767, 'Twin Cities Hip Hop', 1),
(768, 'Twoubadou (Latin)', 1),
(769, 'UK Garage (Electronic)', 1),
(770, 'UK Hard House (Dance)', 1),
(771, 'Uk Hardcore (Dance)', 1),
(772, 'Underground Rap', 1),
(773, 'Uplifting Trance (Dance)', 1),
(774, 'Urban Blues', 1),
(775, 'Urban Cowboy (Country)', 1),
(776, 'US Garage (Dance)', 1),
(777, 'Vandeville (Blues)', 1),
(778, 'Vaudeville (Comedy)', 1),
(779, 'Video Game Music (Electronic)', 1),
(780, 'Vispop', 1),
(781, 'Vocal House (Dance)', 1),
(782, 'Vocal Jazz', 1),
(783, 'Vocal Pop', 1),
(784, 'Vocal Trance (Dance)', 1),
(785, 'Wedding Music (Classical)', 1),
(786, 'West Coast Blues', 1),
(787, 'West Coast Rap', 1),
(788, 'Western Swing (Country)', 1),
(789, 'Witch House (Industrial)', 1),
(790, 'Wonky Pop', 1),
(791, 'Worldbeat', 1),
(792, 'Yorkshire Bleeps and Bass (Electronic)', 1),
(793, 'Zouglou', 1),
(794, 'Zouk (Latin)', 1),
(795, 'Zouk-Lambada (Latin)', 1),
(796, 'Zydeco', 1),
(797, 'Zydeco (Blues)', 1),
(798, 'Zydeco (Country)', 1);

-- --------------------------------------------------------

--
-- Table structure for table `ratings`
--

CREATE TABLE `ratings` (
  `rating_id` int(11) NOT NULL,
  `rating_song` int(11) NOT NULL,
  `rating_number` int(11) NOT NULL,
  `rating_user` int(11) NOT NULL,
  `rating_date` date NOT NULL
) ENGINE=InnoDB DEFAULT CHARSET=utf8;

--
-- Dumping data for table `ratings`
--

INSERT INTO `ratings` (`rating_id`, `rating_song`, `rating_number`, `rating_user`, `rating_date`) VALUES
(1, 1, 4, 3, '2020-04-11'),
(2, 2, 5, 3, '2020-04-11'),
(3, 3, 3, 3, '2020-04-11'),
(4, 4, 2, 3, '2020-04-11'),
(5, 5, 2, 3, '2020-04-11'),
(6, 4, 4, 1, '2020-04-11'),
(7, 3, 1, 1, '2020-04-11'),
(8, 2, 1, 2, '2020-04-11'),
(9, 4, 5, 2, '2020-04-11'),
(10, 3, 5, 2, '2020-04-11'),
(11, 7, 3, 1, '2020-04-11');

-- --------------------------------------------------------

--
-- Table structure for table `singers`
--

CREATE TABLE `singers` (
  `singer_id` int(11) NOT NULL,
  `singer_name` varchar(50) NOT NULL,
  `singer_approved` int(11) NOT NULL
) ENGINE=InnoDB DEFAULT CHARSET=utf8;

--
-- Dumping data for table `singers`
--

INSERT INTO `singers` (`singer_id`, `singer_name`, `singer_approved`) VALUES
(1, '10cc', 1),
(2, '2Pac', 1),
(3, '50 Cent', 1),
(4, 'A Thousand Horses', 1),
(5, 'ABBA', 1),
(6, 'ABC', 1),
(7, 'Aerosmith', 1),
(8, 'Agnetha Fältskog', 1),
(9, 'Alan Jackson', 1),
(10, 'Albert King', 1),
(11, 'Alice Cooper', 1),
(12, 'Alison Krauss', 1),
(13, 'The All-American Rejects', 1),
(14, 'The Allman Brothers Band', 1),
(15, 'Amy Winehouse', 1),
(16, 'Andre Rieu', 1),
(17, 'Andrea Bocelli', 1),
(18, 'Andrew W.K.', 1),
(19, 'Anthrax', 1),
(20, 'Antonio Carlos Jobim', 1),
(21, 'Apache Indian', 1),
(22, 'Arcade Fire', 1),
(23, 'Ariana Grande', 1),
(24, 'Arrested Development', 1),
(25, 'Ashley Campbell', 1),
(26, 'Astrud Gilberto', 1),
(27, 'Aswad', 1),
(28, 'Atlanta Rhythm Section', 1),
(29, 'Audioslave', 1),
(30, 'B.B. King', 1),
(31, 'Badfinger', 1),
(32, 'The Band', 1),
(33, 'Barclay James Harvest', 1),
(34, 'Barry White', 1),
(35, 'The Beach Boys', 1),
(36, 'Beastie Boys', 1),
(37, 'The Beatles', 1),
(38, 'Beck', 1),
(39, 'Bee Gees', 1),
(40, 'Belinda Carlisle', 1),
(41, 'Ben Harper', 1),
(42, 'Ben Howard', 1),
(43, 'Benny Andersson', 1),
(44, 'Big Country', 1),
(45, 'Big Star', 1),
(46, 'Bill Evans', 1),
(47, 'Billie Holiday', 1),
(48, 'Billy Currington', 1),
(49, 'Billy Fury', 1),
(50, 'Billy Preston', 1),
(51, 'Björk', 1),
(52, 'Black Eyed Peas', 1),
(53, 'Black Sabbath', 1),
(54, 'Black Uhuru', 1),
(55, 'Blind Faith', 1),
(56, 'Blink-182', 1),
(57, 'Blondie', 1),
(58, 'Blue Cheer', 1),
(59, 'Bo Diddley', 1),
(60, 'Bob Dylan', 1),
(61, 'Bob Marley', 1),
(62, 'Bon Jovi', 1),
(63, 'Bonnie Raitt', 1),
(64, 'Booker T', 1),
(65, 'Boyz II Men', 1),
(66, 'Brantley Gilbert', 1),
(67, 'Brenda Holloway', 1),
(68, 'Brian Eno', 1),
(69, 'The Brothers Johnson', 1),
(70, 'Bruce Springsteen', 1),
(71, 'Bryan Adams', 1),
(72, 'Bryan Ferry', 1),
(73, 'Buddy Guy', 1),
(74, 'Buddy Holly', 1),
(75, 'Burning Spear', 1),
(76, 'Burt Bacharach', 1),
(77, 'The Cadillac Three', 1),
(78, 'Camel', 1),
(79, 'Canned Heat', 1),
(80, 'Captain Beefheart', 1),
(81, 'Caravan', 1),
(82, 'Carpenters', 1),
(83, 'Cat Stevens', 1),
(84, 'Charlie Parker', 1),
(85, 'Cheap Trick', 1),
(86, 'The Chemical Brothers', 1),
(87, 'Cher', 1),
(88, 'Chris Cornell', 1),
(89, 'Chris Stapleton', 1),
(90, 'Chuck Berry', 1),
(91, 'Cinderella', 1),
(92, 'The Clash', 1),
(93, 'Climax Blues Band', 1),
(94, 'Coleman Hawkins', 1),
(95, 'The Commodores', 1),
(96, 'Common', 1),
(97, 'The Common Linnets', 1),
(98, 'Corinne Bailey Rae', 1),
(99, 'Count Basie', 1),
(100, 'Counting Crows', 1),
(101, 'Craig Armstrong', 1),
(102, 'The Cranberries', 1),
(103, 'Cream', 1),
(104, 'Creedence Clearwater Revival', 1),
(105, 'Crowded House', 1),
(106, 'Culture Club', 1),
(107, 'The Cure', 1),
(108, 'Cutting Crew', 1),
(109, 'D’Angelo', 1),
(110, 'DMX', 1),
(111, 'The Damned', 1),
(112, 'Daniel Hope', 1),
(113, 'Danny Wilson & Gary Clark', 1),
(114, 'David Bowie', 1),
(115, 'Dean Martin', 1),
(116, 'Debarge', 1),
(117, 'Deep Purple', 1),
(118, 'Def Leppard', 1),
(119, 'Demi Lovato', 1),
(120, 'Demis Roussos', 1),
(121, 'Derek And The Dominos', 1),
(122, 'Desmond Dekker', 1),
(123, 'Diana Krall', 1),
(124, 'Diana Ross', 1),
(125, 'Diana Ross & The Supremes', 1),
(126, 'Dierks Bentley', 1),
(127, 'Dinah Washington', 1),
(128, 'Dio', 1),
(129, 'Dire Straits', 1),
(130, 'Disclosure', 1),
(131, 'Don Henley', 1),
(132, 'Donna Summer', 1),
(133, 'The Doors', 1),
(134, 'Dr Dre', 1),
(135, 'Drake', 1),
(136, 'Duke Ellington', 1),
(137, 'Dusty Springfield', 1),
(138, 'EELS', 1),
(139, 'EPMD', 1),
(140, 'Eagles', 1),
(141, 'Eagles Of Death Metal', 1),
(142, 'Eazy-E', 1),
(143, 'Eddie Cochran', 1),
(144, 'Elbow', 1),
(145, 'Ella Fitzgerald', 1),
(146, 'Elliott Smith', 1),
(147, 'Elton John', 1),
(148, 'Elvis Costello', 1),
(149, 'Elvis Presley', 1),
(150, 'Emeli Sandé', 1),
(151, 'Eminem', 1),
(152, 'Enigma', 1),
(153, 'Eric B. & Rakim', 1),
(154, 'Eric Church', 1),
(155, 'Eric Clapton', 1),
(156, 'Etta James', 1),
(157, 'Evanescence', 1),
(158, 'Eve', 1),
(159, 'Extreme', 1),
(160, 'Fairport Convention', 1),
(161, 'Fats Domino', 1),
(162, 'Faust', 1),
(163, 'Fergie', 1),
(164, 'Florence + The Machine', 1),
(165, 'The Flying Burrito Brothers', 1),
(166, 'Four Tops', 1),
(167, 'Foxy Brown', 1),
(168, 'Frank Sinatra', 1),
(169, 'Frank Zappa', 1),
(170, 'Frankie Goes To Hollywood', 1),
(171, 'Freddie Mercury', 1),
(172, 'Free', 1),
(173, 'Frida Lyngstad', 1),
(174, 'The Game', 1),
(175, 'Gang Starr', 1),
(176, 'Gary Moore', 1),
(177, 'Gene Krupa', 1),
(178, 'Gene Vincent', 1),
(179, 'Genesis', 1),
(180, 'Gentle Giant', 1),
(181, 'George Benson', 1),
(182, 'George Harrison', 1),
(183, 'George Michael', 1),
(184, 'George Strait', 1),
(185, 'George Thorogood', 1),
(186, 'Georgie Fame', 1),
(187, 'Ghostface Killah', 1),
(188, 'Ginger Baker', 1),
(189, 'Glen Campbell', 1),
(190, 'Gong', 1),
(191, 'Grace Jones', 1),
(192, 'Graham Parker', 1),
(193, 'Grand Funk Railroad', 1),
(194, 'Gregory Isaacs', 1),
(195, 'Gregory Porter', 1),
(196, 'Guns N’ Roses', 1),
(197, 'Gwen Stefani', 1),
(198, 'Hank Williams', 1),
(199, 'Heart', 1),
(200, 'Heaven 17', 1),
(201, 'Helmet', 1),
(202, 'Herbie Hancock', 1),
(203, 'Hoobastank', 1),
(204, 'Howlin Wolf', 1),
(205, 'Hoyt Axton', 1),
(206, 'Huey Lewis & The News', 1),
(207, 'The Human League', 1),
(208, 'Humble Pie', 1),
(209, 'INXS', 1),
(210, 'Ice Cube', 1),
(211, 'Iggy Pop', 1),
(212, 'Imagine Dragons', 1),
(213, 'Iron Maiden', 1),
(214, 'Isaac Hayes', 1),
(215, 'The Isley Brothers', 1),
(216, 'It Bites', 1),
(217, 'J.J. Cale', 1),
(218, 'Jack Bruce', 1),
(219, 'Jack Johnson', 1),
(220, 'Jackson 5', 1),
(221, 'Jacques Brel', 1),
(222, 'Jadakiss', 1),
(223, 'The Jam', 1),
(224, 'James', 1),
(225, 'James Bay', 1),
(226, 'James Blake', 1),
(227, 'James Brown', 1),
(228, 'James Morrison', 1),
(229, 'James Taylor', 1),
(230, 'Jane’s Addiction', 1),
(231, 'Janet Jackson', 1),
(232, 'Japan & David Sylvian', 1),
(233, 'Jay-Z', 1),
(234, 'Jeru the Damaja', 1),
(235, 'Jessie J', 1),
(236, 'Jimi Hendrix', 1),
(237, 'Jimmy Buffett', 1),
(238, 'Jimmy Cliff', 1),
(239, 'Jimmy Eat World', 1),
(240, 'Jimmy Ruffin', 1),
(241, 'Jimmy Smith', 1),
(242, 'Joan Armatrading', 1),
(243, 'Joan Baez', 1),
(244, 'Joe Cocker', 1),
(245, 'Joe Jackson', 1),
(246, 'Joe Sample', 1),
(247, 'Joe Walsh / The James Gang', 1),
(248, 'John Coltrane', 1),
(249, 'John Fogerty', 1),
(250, 'John Lee Hooker', 1),
(251, 'John Lennon', 1),
(252, 'John Martyn', 1),
(253, 'John Mayall', 1),
(254, 'John Mellencamp', 1),
(255, 'John Williams', 1),
(256, 'Johnny Cash', 1),
(257, 'Johnny Gill', 1),
(258, 'Joni Mitchell', 1),
(259, 'Jonny Lang', 1),
(260, 'Joss Stone', 1),
(261, 'Jr. Walker & The All Stars', 1),
(262, 'Julie London', 1),
(263, 'Jurassic 5', 1),
(264, 'Justin Bieber', 1),
(265, 'Kacey Musgraves', 1),
(266, 'Kaiser Chiefs', 1),
(267, 'Kanye West', 1),
(268, 'Kate Bush', 1),
(269, 'Katy Perry', 1),
(270, 'Keane', 1),
(271, 'Keith Jarrett', 1),
(272, 'Keith Richards', 1),
(273, 'Keith Urban', 1),
(274, 'Kendrick Lamar', 1),
(275, 'Kenny Burrell', 1),
(276, 'Kevin Coyne', 1),
(277, 'The Killers', 1),
(278, 'Killing Joke', 1),
(279, 'Kim Carnes', 1),
(280, 'The Kinks', 1),
(281, 'Kip Moore', 1),
(282, 'Kiss', 1),
(283, 'The Kooks', 1),
(284, 'Kool And The Gang', 1),
(285, 'LL Cool J', 1),
(286, 'Lady Antebellum', 1),
(287, 'Lady GaGa', 1),
(288, 'Lana Del Rey', 1),
(289, 'Laura Marling', 1),
(290, 'Led Zeppelin', 1),
(291, 'Lee ‘Scratch’ Perry', 1),
(292, 'Lenny Kravitz', 1),
(293, 'Leon Russell', 1),
(294, 'Lester Young', 1),
(295, 'Level 42', 1),
(296, 'The Libertines', 1),
(297, 'Lightnin’ Hopkins', 1),
(298, 'Lil Wayne', 1),
(299, 'Linton Kwesi Johnson', 1),
(300, 'Lionel Richie', 1),
(301, 'Little Big Town', 1),
(302, 'Little Richard', 1),
(303, 'Lloyd Cole', 1),
(304, 'Lorde', 1),
(305, 'Louis Armstrong', 1),
(306, 'Lucinda Williams', 1),
(307, 'Ludacris', 1),
(308, 'Ludovico Einaudi', 1),
(309, 'Luke Bryan', 1),
(310, 'Lulu', 1),
(311, 'The Lumineers', 1),
(312, 'Lynyrd Skynyrd', 1),
(313, 'Maddie & Tae', 1),
(314, 'Madonna', 1),
(315, 'Magazine', 1),
(316, 'The Mamas & The Papas', 1),
(317, 'Marc Almond', 1),
(318, 'Marilyn Manson', 1),
(319, 'Mark Knopfler', 1),
(320, 'Maroon 5', 1),
(321, 'Martha Reeves & The Vandellas', 1),
(322, 'The Marvelettes', 1),
(323, 'Marvin Gaye', 1),
(324, 'Mary Hopkin', 1),
(325, 'Mary J. Blige', 1),
(326, 'Mary Wells', 1),
(327, 'Massive Attack', 1),
(328, 'Master P', 1),
(329, 'The Mavericks', 1),
(330, 'Maxi Priest', 1),
(331, 'McCoy Tyner', 1),
(332, 'Meat Loaf', 1),
(333, 'Megadeth', 1),
(334, 'Melody Gardot', 1),
(335, 'Metallica', 1),
(336, 'Method Man', 1),
(337, 'Michael Jackson', 1),
(338, 'Michael Nyman', 1),
(339, 'Mike & the Mechanics', 1),
(340, 'Mike Oldfield', 1),
(341, 'Miles Davis', 1),
(342, 'Minnie Riperton', 1),
(343, 'The Moody Blues', 1),
(344, 'Morrissey', 1),
(345, 'Motörhead', 1),
(346, 'Muddy Waters', 1),
(347, 'Mumford & Sons', 1),
(348, 'Mötley Crüe', 1),
(349, 'N.W.A', 1),
(350, 'Nanci Griffith', 1),
(351, 'Nas', 1),
(352, 'Nat King Cole', 1),
(353, 'Nazareth', 1),
(354, 'Ne-Yo', 1),
(355, 'Neil Diamond', 1),
(356, 'Neil Young', 1),
(357, 'Nelly', 1),
(358, 'Neneh Cherry', 1),
(359, 'New Edition', 1),
(360, 'New York Dolls', 1),
(361, 'Nick Drake', 1),
(362, 'Nicki Minaj', 1),
(363, 'Nik Kershaw', 1),
(364, 'Nina Simone', 1),
(365, 'Nine Inch Nails', 1),
(366, 'Nirvana', 1),
(367, 'The Nitty Gritty Dirt Band', 1),
(368, 'No Doubt', 1),
(369, 'Norah Jones', 1),
(370, 'OMD', 1),
(371, 'Ocean Colour Scene', 1),
(372, 'OneRepublic', 1),
(373, 'Onyx', 1),
(374, 'Oscar Peterson', 1),
(375, 'Otis Redding', 1),
(376, 'The Ozark Mountain Daredevils', 1),
(377, 'PJ Harvey', 1),
(378, 'Papa Roach', 1),
(379, 'Pat Benatar', 1),
(380, 'Pato Banton', 1),
(381, 'Patsy Cline', 1),
(382, 'Patty Griffin', 1),
(383, 'Paul McCartney and Wings', 1),
(384, 'Paul Simon', 1),
(385, 'Paul Weller', 1),
(386, 'Peaches & Herb', 1),
(387, 'Pearl Jam', 1),
(388, 'Peggy Lee', 1),
(389, 'Pete Townshend', 1),
(390, 'Peter Frampton', 1),
(391, 'Phil Collins', 1),
(392, 'Phil Manzanera', 1),
(393, 'PiL (Public Image Ltd)', 1),
(394, 'Pink Floyd', 1),
(395, 'Placebo', 1),
(396, 'Poco', 1),
(397, 'Poison', 1),
(398, 'The Police', 1),
(399, 'Portishead', 1),
(400, 'Prince', 1),
(401, 'Public Enemy', 1),
(402, 'Pulp', 1),
(403, 'Queen', 1),
(404, 'Queens Of The Stone Age', 1),
(405, 'Quicksilver Messenger Service', 1),
(406, 'Quincy Jones', 1),
(407, 'R.E.M.', 1),
(408, 'Rainbow', 1),
(409, 'Rammstein', 1),
(410, 'Ray Charles', 1),
(411, 'Reba McEntire', 1),
(412, 'Red Hot Chili Peppers', 1),
(413, 'Redman', 1),
(414, 'Richie Havens', 1),
(415, 'Rick James', 1),
(416, 'Rick Nelson', 1),
(417, 'Rick Ross', 1),
(418, 'Rick Wakeman', 1),
(419, 'The Righteous Brothers', 1),
(420, 'Rihanna', 1),
(421, 'Ringo Starr', 1),
(422, 'Rise Against', 1),
(423, 'Rob Zombie', 1),
(424, 'Robbie Williams', 1),
(425, 'Robert Cray', 1),
(426, 'Robert Glasper', 1),
(427, 'Robert Palmer', 1),
(428, 'Robert Plant', 1),
(429, 'Rod Stewart', 1),
(430, 'Roger Daltrey', 1),
(431, 'The Rolling Stones', 1),
(432, 'Ronnie Lane', 1),
(433, 'Ronnie Wood', 1),
(434, 'Rory Gallagher', 1),
(435, 'The Roots', 1),
(436, 'Rosanne Cash', 1),
(437, 'Roxy Music', 1),
(438, 'Roy Orbison', 1),
(439, 'Ruff Ryders', 1),
(440, 'Rufus Wainwright', 1),
(441, 'Rush', 1),
(442, 'The Ruts', 1),
(443, 'Ryan Adams', 1),
(444, 'Saint Etienne', 1),
(445, 'Salt-n-Pepa', 1),
(446, 'Sam Cooke', 1),
(447, 'Sam Hunt', 1),
(448, 'Sam Smith', 1),
(449, 'Sammy Hagar', 1),
(450, 'Sandy Denny', 1),
(451, 'Schiller', 1),
(452, 'Scorpions', 1),
(453, 'Scott Walker', 1),
(454, 'Secret Garden', 1),
(455, 'Sensational Alex Harvey Band', 1),
(456, 'Serge Gainsbourg', 1),
(457, 'Sergio Mendes', 1),
(458, 'Sex Pistols', 1),
(459, 'Shaggy', 1),
(460, 'Sham 69', 1),
(461, 'Shania Twain', 1),
(462, 'Sheryl Crow', 1),
(463, 'Simple Minds', 1),
(464, 'Siouxsie & The Banshees', 1),
(465, 'Slayer', 1),
(466, 'Slick Rick', 1),
(467, 'Sly & Robbie', 1),
(468, 'Small Faces', 1),
(469, 'The Smashing Pumpkins', 1),
(470, 'Smokey Robinson', 1),
(471, 'Smokey Robinson & The Miracles', 1),
(472, 'Snoop Dogg', 1),
(473, 'Snow Patrol', 1),
(474, 'Soft Cell', 1),
(475, 'Sonic Youth', 1),
(476, 'Sonny Boy Williamson', 1),
(477, 'Soul II Soul', 1),
(478, 'Soundgarden', 1),
(479, 'Spandau Ballet', 1),
(480, 'Sparks', 1),
(481, 'Spice Girls', 1),
(482, 'Stan Getz', 1),
(483, 'The Statler Brothers', 1),
(484, 'Status Quo', 1),
(485, 'Steel Pulse', 1),
(486, 'Steely Dan', 1),
(487, 'Steppenwolf', 1),
(488, 'Stereo MCs', 1),
(489, 'Stereophonics', 1),
(490, 'Steve Earle', 1),
(491, 'Steve Hackett', 1),
(492, 'Steve Hillage', 1),
(493, 'Steve Miller Band', 1),
(494, 'Steve Winwood', 1),
(495, 'Steven Tyler', 1),
(496, 'Stevie Wonder', 1),
(497, 'Sting', 1),
(498, 'The Style Council', 1),
(499, 'Styx', 1),
(500, 'Sublime', 1),
(501, 'Sum 41', 1),
(502, 'Supertramp', 1),
(503, 'Suzanne Vega', 1),
(504, 'T-Bone Walker', 1),
(505, 'T. Rex', 1),
(506, 'Take That', 1),
(507, 'Tammi Terrell', 1),
(508, 'Tangerine Dream', 1),
(509, 'Taylor Swift', 1),
(510, 'Tears For Fears', 1),
(511, 'Teena Marie', 1),
(512, 'Temple Of The Dog', 1),
(513, 'The Temptations', 1),
(514, 'Tesla', 1),
(515, 'Texas', 1),
(516, 'Thelma Houston', 1),
(517, 'Thelonious Monk', 1),
(518, 'Thin Lizzy', 1),
(519, 'Thomas Rhett', 1),
(520, 'Three Dog Night', 1),
(521, 'Tim McGraw', 1),
(522, 'Toby Keith', 1),
(523, 'Tom Jones', 1),
(524, 'Tom Petty', 1),
(525, 'Tom Waits', 1),
(526, 'Toots & The Maytals', 1),
(527, 'Tori Amos', 1),
(528, 'Traffic', 1),
(529, 'Traveling Wilburys', 1),
(530, 'The Tubes', 1),
(531, 'U2', 1),
(532, 'UB40', 1),
(533, 'Ultravox', 1),
(534, 'Underworld', 1),
(535, 'Van der Graaf Generator', 1),
(536, 'Vangelis', 1),
(537, 'The Velvet Underground', 1),
(538, 'The Verve', 1),
(539, 'Vince Gill', 1),
(540, 'The Walker Brothers', 1),
(541, 'Weezer', 1),
(542, 'Wes Montgomery', 1),
(543, 'Wet Wet Wet', 1),
(544, 'will.i.am', 1),
(545, 'Whitesnake', 1),
(546, 'The Who', 1),
(547, 'William Orbit', 1),
(548, 'Willie Nelson', 1),
(549, 'Wilson Pickett', 1),
(550, 'Wishbone Ash', 1),
(551, 'Wolfmother', 1),
(552, 'Yeah Yeah Yeahs', 1),
(553, 'Yello', 1),
(554, 'Yes', 1),
(555, 'Young Jeezy', 1),
(556, 'Zucchero', 1),
(557, 'BTR', 1),
(558, 'Sturcite', 1);

-- --------------------------------------------------------

--
-- Table structure for table `songs`
--

CREATE TABLE `songs` (
  `song_id` int(11) NOT NULL,
  `song_path` varchar(50) NOT NULL,
  `song_name` varchar(50) NOT NULL,
  `song_date` date NOT NULL,
  `song_uploader` int(11) NOT NULL,
  `song_soft_delete` date DEFAULT NULL
) ENGINE=InnoDB DEFAULT CHARSET=utf8;

--
-- Dumping data for table `songs`
--

INSERT INTO `songs` (`song_id`, `song_path`, `song_name`, `song_date`, `song_uploader`, `song_soft_delete`) VALUES
(1, 'uploads/6TQwMZ-btr-20-vek.mp3', '20 Vek', '2020-04-08', 1, NULL),
(2, 'uploads/h4fDxT-btr-20-vek.mp3', 'For Whom The Bell Tolls', '2020-04-09', 1, NULL),
(3, 'uploads/a0Bxk9-btr-20-vek.mp3', 'Man! I Feel Like A Woman!', '2020-04-09', 1, NULL),
(4, 'uploads/qOTVuP-btr-20-vek.mp3', 'I Dont Want to Miss a Thing', '2020-04-09', 1, NULL),
(5, 'uploads/fJzUul-btr-20-vek.mp3', 'Galvanize', '2020-04-09', 2, NULL),
(6, 'uploads/nd9bjf-btr-20-vek.mp3', 'Intentions', '2020-04-11', 2, NULL),
(7, 'uploads/Byw4IK-btr-20-vek.mp3', 'Blues Boogie Jam', '2020-04-11', 3, NULL);

-- --------------------------------------------------------

--
-- Table structure for table `songs_genres`
--

CREATE TABLE `songs_genres` (
  `song_genre_id` int(11) NOT NULL,
  `genre_id` int(11) NOT NULL,
  `song_id` int(11) NOT NULL
) ENGINE=InnoDB DEFAULT CHARSET=utf8;

--
-- Dumping data for table `songs_genres`
--

INSERT INTO `songs_genres` (`song_genre_id`, `genre_id`, `song_id`) VALUES
(1, 370, 1),
(2, 112, 1),
(3, 512, 2),
(4, 167, 3),
(5, 85, 4),
(6, 28, 5),
(7, 219, 6),
(8, 165, 7);

-- --------------------------------------------------------

--
-- Table structure for table `songs_singers`
--

CREATE TABLE `songs_singers` (
  `song_singer_id` int(11) NOT NULL,
  `singer_id` int(11) NOT NULL,
  `song_id` int(11) NOT NULL
) ENGINE=InnoDB DEFAULT CHARSET=utf8;

--
-- Dumping data for table `songs_singers`
--

INSERT INTO `songs_singers` (`song_singer_id`, `singer_id`, `song_id`) VALUES
(1, 557, 1),
(2, 558, 1),
(3, 335, 2),
(4, 461, 3),
(5, 7, 4),
(6, 86, 5),
(7, 264, 6),
(8, 250, 7);

-- --------------------------------------------------------

--
>>>>>>> Stashed changes
-- Table structure for table `users`
--

CREATE TABLE `users` (
  `user_id` int(11) NOT NULL,
  `user_username` varchar(20) NOT NULL,
  `user_password` varchar(255) NOT NULL,
  `user_name_first` varchar(50) NOT NULL,
  `user_name_second` varchar(50) NOT NULL,
  `user_name_email` varchar(20) NOT NULL,
  `user_name_role` int(1) NOT NULL,
  `user_name_date_created` date NOT NULL,
  `user_name_date_deleted` date DEFAULT NULL
) ENGINE=InnoDB DEFAULT CHARSET=utf8;

--
-- Dumping data for table `users`
--

<<<<<<< Updated upstream
INSERT INTO `users` (`user_id`, `user_username`, `user_password`, `user_name_first`, `user_name_second`, `user_name_email`, `user_name_role`, `user_name_date_created`, `user_name_date_deleted`) VALUES
(1, 'sjuesju', '$2y$10$h26bURThm08p4stL1GvPV.wRJgqrQzbzhdc4bJU.7w5qAH2cMNlaa', 'Petar', 'Ivanov', 'sjuesju@yahoo.no', 1, '2020-04-04', NULL);
=======
INSERT INTO `users` (`user_id`, `user_username`, `user_password`, `user_name_first`, `user_name_second`, `user_email`, `user_image`, `user_role`, `user_date_created`, `user_date_deleted`) VALUES
(1, 'sjuesju', '$2y$10$4NISxNzDKj0UatELjQhzoOrXmCN/Y.E36eCE0Iek1RhijeKmQ7bGy', 'Petar', 'Ivanov', 'sjuesju@yahoo.no', 'images/uploaded/meDUBx-petar.jpg', 1, '2020-04-07', NULL),
(2, 'solvoya', '$2y$10$PS06546RMhyMbX5y5.1tVO6Fv/7FNM6Xtx3gREbapGh74kKrdcS7e', 'Petya', 'Tsvetkova', 'solvoya@gmail.com', '', 1, '2020-04-07', NULL),
(3, 'begresten', '$2y$10$lUqKb8cB8W15Ey/hxTxyTeeRvz7G8P3kpEyeoZc8Y4m9rau.slh1e', 'Asen', 'Asenov', 'begresten@gmail.com', '', 1, '2020-04-11', NULL);
>>>>>>> Stashed changes

--
-- Indexes for dumped tables
--

--
<<<<<<< Updated upstream
=======
-- Indexes for table `downloads`
--
ALTER TABLE `downloads`
  ADD PRIMARY KEY (`download_id`),
  ADD KEY `song_id` (`download_song`),
  ADD KEY `download_user` (`download_user`);

--
-- Indexes for table `genres`
--
ALTER TABLE `genres`
  ADD PRIMARY KEY (`genre_id`);

--
-- Indexes for table `ratings`
--
ALTER TABLE `ratings`
  ADD PRIMARY KEY (`rating_id`),
  ADD KEY `song_id` (`rating_song`),
  ADD KEY `user_id` (`rating_user`);

--
-- Indexes for table `singers`
--
ALTER TABLE `singers`
  ADD PRIMARY KEY (`singer_id`),
  ADD UNIQUE KEY `singer_name` (`singer_name`);

--
-- Indexes for table `songs`
--
ALTER TABLE `songs`
  ADD PRIMARY KEY (`song_id`),
  ADD UNIQUE KEY `song_path` (`song_path`),
  ADD UNIQUE KEY `song_name` (`song_name`),
  ADD KEY `user_id` (`song_uploader`);

--
-- Indexes for table `songs_genres`
--
ALTER TABLE `songs_genres`
  ADD PRIMARY KEY (`song_genre_id`),
  ADD KEY `genre_id` (`genre_id`),
  ADD KEY `song_id` (`song_id`);

--
-- Indexes for table `songs_singers`
--
ALTER TABLE `songs_singers`
  ADD PRIMARY KEY (`song_singer_id`),
  ADD KEY `singer_id` (`singer_id`),
  ADD KEY `song_id` (`song_id`);

--
>>>>>>> Stashed changes
-- Indexes for table `users`
--
ALTER TABLE `users`
  ADD PRIMARY KEY (`user_id`),
  ADD UNIQUE KEY `user_username` (`user_username`),
  ADD UNIQUE KEY `user_name_email` (`user_name_email`);

--
-- AUTO_INCREMENT for dumped tables
--

--
<<<<<<< Updated upstream
-- AUTO_INCREMENT for table `users`
--
ALTER TABLE `users`
  MODIFY `user_id` int(11) NOT NULL AUTO_INCREMENT, AUTO_INCREMENT=2;
=======
-- AUTO_INCREMENT for table `downloads`
--
ALTER TABLE `downloads`
  MODIFY `download_id` int(11) NOT NULL AUTO_INCREMENT, AUTO_INCREMENT=6;

--
-- AUTO_INCREMENT for table `genres`
--
ALTER TABLE `genres`
  MODIFY `genre_id` int(11) NOT NULL AUTO_INCREMENT, AUTO_INCREMENT=799;

--
-- AUTO_INCREMENT for table `ratings`
--
ALTER TABLE `ratings`
  MODIFY `rating_id` int(11) NOT NULL AUTO_INCREMENT, AUTO_INCREMENT=12;

--
-- AUTO_INCREMENT for table `singers`
--
ALTER TABLE `singers`
  MODIFY `singer_id` int(11) NOT NULL AUTO_INCREMENT, AUTO_INCREMENT=559;

--
-- AUTO_INCREMENT for table `songs`
--
ALTER TABLE `songs`
  MODIFY `song_id` int(11) NOT NULL AUTO_INCREMENT, AUTO_INCREMENT=8;

--
-- AUTO_INCREMENT for table `songs_genres`
--
ALTER TABLE `songs_genres`
  MODIFY `song_genre_id` int(11) NOT NULL AUTO_INCREMENT, AUTO_INCREMENT=9;

--
-- AUTO_INCREMENT for table `songs_singers`
--
ALTER TABLE `songs_singers`
  MODIFY `song_singer_id` int(11) NOT NULL AUTO_INCREMENT, AUTO_INCREMENT=9;

--
-- AUTO_INCREMENT for table `users`
--
ALTER TABLE `users`
  MODIFY `user_id` int(11) NOT NULL AUTO_INCREMENT, AUTO_INCREMENT=4;
>>>>>>> Stashed changes
COMMIT;

/*!40101 SET CHARACTER_SET_CLIENT=@OLD_CHARACTER_SET_CLIENT */;
/*!40101 SET CHARACTER_SET_RESULTS=@OLD_CHARACTER_SET_RESULTS */;
/*!40101 SET COLLATION_CONNECTION=@OLD_COLLATION_CONNECTION */;
